{"cameraMode":{"drawMode":0,"name":"Shaded","section":"Shading Mode"},"sceneLighting":true,"audioPlay":false,"sceneViewState":{"showFog":true,"showMaterialUpdate":false,"showSkybox":true,"showFlares":true,"showImageEffects":true,"showParticleSystems":true},"in2DMode":false,"pivot":{"x":0.08104656636714935,"y":1.1248953342437745,"z":-0.3154527544975281},"rotation":{"x":-0.006191662512719631,"y":0.9224139451980591,"z":-0.3859865367412567,"w":-0.014951562508940697},"size":2.992994785308838,"orthographic":false}