{"cameraMode":{"drawMode":0,"name":"Shaded","section":"Shading Mode"},"sceneLighting":false,"audioPlay":false,"sceneViewState":{"showFog":true,"showMaterialUpdate":false,"showSkybox":true,"showFlares":true,"showImageEffects":true,"showParticleSystems":true},"in2DMode":false,"pivot":{"x":-5.057605743408203,"y":1.4403083324432374,"z":-0.20630598068237306},"rotation":{"x":-0.020701980218291284,"y":-0.2370736002922058,"z":0.005052271764725447,"w":-0.9712757468223572},"size":0.9309725165367127,"orthographic":false}