{"cameraMode":{"drawMode":0,"name":"Shaded","section":"Shading Mode"},"sceneLighting":false,"audioPlay":false,"sceneViewState":{"showFog":true,"showMaterialUpdate":false,"showSkybox":true,"showFlares":true,"showImageEffects":true,"showParticleSystems":true},"in2DMode":false,"pivot":{"x":-2.8519999980926515,"y":0.8479999899864197,"z":-0.2069999873638153},"rotation":{"x":-0.04190221056342125,"y":-0.9538835287094116,"z":0.15913668274879456,"w":-0.25108978152275088},"size":3.395674705505371,"orthographic":false}