{"cameraMode":{"drawMode":0,"name":"Shaded","section":"Shading Mode"},"sceneLighting":false,"audioPlay":false,"sceneViewState":{"showFog":true,"showMaterialUpdate":false,"showSkybox":true,"showFlares":true,"showImageEffects":true,"showParticleSystems":true},"in2DMode":false,"pivot":{"x":-1.511316180229187,"y":0.8479999899864197,"z":1.1099786758422852},"rotation":{"x":0.13759464025497437,"y":-0.6917856931686401,"z":0.13686603307724,"w":0.6955476999282837},"size":1.7309222221374512,"orthographic":false}