{"cameraMode":{"drawMode":0,"name":"Shaded","section":"Shading Mode"},"sceneLighting":false,"audioPlay":false,"sceneViewState":{"showFog":true,"showMaterialUpdate":false,"showSkybox":true,"showFlares":true,"showImageEffects":true,"showParticleSystems":true},"in2DMode":false,"pivot":{"x":0.41011786460876467,"y":-0.2101166695356369,"z":-1.1972724199295045},"rotation":{"x":-0.01720432937145233,"y":0.8963879942893982,"z":-0.44167542457580569,"w":-0.0349644273519516},"size":3.299630641937256,"orthographic":false}