{"cameraMode":{"drawMode":0,"name":"Shaded","section":"Shading Mode"},"sceneLighting":false,"audioPlay":false,"sceneViewState":{"showFog":true,"showMaterialUpdate":false,"showSkybox":true,"showFlares":true,"showImageEffects":true,"showParticleSystems":true},"in2DMode":false,"pivot":{"x":-0.017972899600863458,"y":0.0,"z":-0.0009360885596834123},"rotation":{"x":0.00046179635683074594,"y":-0.9953173398971558,"z":0.0047877090983092789,"w":0.09676926583051682},"size":0.05939096212387085,"orthographic":false}